Feature,Gini,IV,Splits
EXT_SOURCE_MEAN,0.430049699544933,0.6234096842332096,"(-inf, 0.26) | [0.26, 0.33) | [0.33, 0.39) | [0.39, 0.43) | [0.43, 0.47) | [0.47, 0.52) | [0.52, 0.57) | [0.57, 0.64) | [0.64, 0.68) | [0.68, inf) | Special | Missing"
EXT_SOURCE_MIN,0.37854236969014243,0.4743339869904134,"(-inf, 0.13) | [0.13, 0.18) | [0.18, 0.25) | [0.25, 0.33) | [0.33, 0.41) | [0.41, 0.49) | [0.49, 0.56) | [0.56, 0.60) | [0.60, 0.66) | [0.66, inf) | Special | Missing"
EXT_SOURCE_MAX,0.369037095942228,0.4518130430357021,"(-inf, 0.34) | [0.34, 0.43) | [0.43, 0.49) | [0.49, 0.57) | [0.57, 0.62) | [0.62, 0.65) | [0.65, 0.70) | [0.70, 0.73) | [0.73, 0.80) | [0.80, inf) | Special | Missing"
EXT_SOURCE_3,0.3151652850740221,0.3352282066873093,"(-inf, 0.18) | [0.18, 0.32) | [0.32, 0.41) | [0.41, 0.46) | [0.46, 0.50) | [0.50, 0.57) | [0.57, 0.64) | [0.64, 0.70) | [0.70, 0.77) | [0.77, inf) | Special | Missing"
EXT_SOURCE_2,0.30970425104667254,0.32069937732500237,"(-inf, 0.14) | [0.14, 0.26) | [0.26, 0.41) | [0.41, 0.49) | [0.49, 0.55) | [0.55, 0.62) | [0.62, 0.66) | [0.66, 0.70) | [0.70, 0.73) | [0.73, inf) | Special | Missing"
BUREAU_DEBT_CREDIT_RATIO,0.17788481733197292,0.10393670422353175,"(-inf, 0.02) | [0.02, 0.16) | [0.16, 0.23) | [0.23, 0.33) | [0.33, 0.43) | [0.43, 0.53) | [0.53, 0.66) | [0.66, 0.79) | [0.79, inf) | Special | Missing"
DAYS_BIRTH,0.16558697109006815,0.08692848339829959,"(-inf, -23196.50) | [-23196.50, -19865.50) | [-19865.50, -18796.50) | [-18796.50, -17367.50) | [-17367.50, -15327.50) | [-15327.50, -14017.50) | [-14017.50, -13366.50) | [-13366.50, -11678.50) | [-11678.50, -9414.50) | [-9414.50, inf) | Special | Missing"
AGE,0.16558697109006815,0.08692848339829959,"(-inf, 25.79) | [25.79, 32.00) | [32.00, 36.62) | [36.62, 38.40) | [38.40, 41.99) | [41.99, 47.58) | [47.58, 51.50) | [51.50, 54.43) | [54.43, 63.55) | [63.55, inf) | Special | Missing"
EMPLOY_YEARS,0.16489041752324418,0.11405379021938744,"(-inf, 1.55) | [1.55, 2.69) | [2.69, 3.85) | [3.85, 4.90) | [4.90, 6.71) | [6.71, 8.43) | [8.43, 10.75) | [10.75, 14.91) | [14.91, inf) | Special | Missing"
DAYS_EMPLOYED,0.16489041752324418,0.11405379021938744,"(-inf, -5443.50) | [-5443.50, -3923.50) | [-3923.50, -3075.50) | [-3075.50, -2447.50) | [-2447.50, -1789.50) | [-1789.50, -1404.50) | [-1404.50, -982.50) | [-982.50, -566.50) | [-566.50, inf) | Special | Missing"
AMT_GOODS_PRICE,0.16284152399968033,0.09203682939340666,"(-inf, 158283.00) | [158283.00, 206266.50) | [206266.50, 283083.75) | [283083.75, 407362.50) | [407362.50, 450117.00) | [450117.00, 677889.00) | [677889.00, 902371.50) | [902371.50, 1272687.75) | [1272687.75, inf) | Special | Missing"
BUREAU_ACTIVE_RATIO,0.1572756711425689,0.0908895015016034,"(-inf, 0.22) | [0.22, 0.29) | [0.29, 0.35) | [0.35, 0.40) | [0.40, 0.51) | [0.51, 0.67) | [0.67, inf) | Special | Missing"
BUREAU_DAYS_CREDIT_MAX,0.1522282967606694,0.08298289759476091,"(-inf, -589.50) | [-589.50, -426.50) | [-426.50, -353.50) | [-353.50, -274.50) | [-274.50, -223.50) | [-223.50, -126.50) | [-126.50, -93.50) | [-93.50, -59.50) | [-59.50, inf) | Special | Missing"
EMPLOY_TO_AGE_RATIO,0.15217128660876034,0.0927412299366148,"(-inf, 0.06) | [0.06, 0.09) | [0.09, 0.11) | [0.11, 0.13) | [0.13, 0.16) | [0.16, 0.22) | [0.22, 0.31) | [0.31, 0.40) | [0.40, inf) | Special | Missing"
BUREAU_DAYS_CREDIT_MIN,0.15069852565732922,0.07967791766054252,"(-inf, -2828.50) | [-2828.50, -2512.50) | [-2512.50, -1910.50) | [-1910.50, -1541.50) | [-1541.50, -1363.50) | [-1363.50, -1064.50) | [-1064.50, -799.50) | [-799.50, -594.50) | [-594.50, -360.50) | [-360.50, inf) | Special | Missing"
GOODS_CREDIT_RATIO,0.14731952074844923,0.07606256054528113,"(-inf, 0.76) | [0.76, 0.83) | [0.83, 0.86) | [0.86, 0.87) | [0.87, 0.88) | [0.88, 0.91) | [0.91, inf) | Special | Missing"
PREV_CREDIT_APPLICATION_RATIO_MEAN,0.14126158004683576,0.07243667209702233,"(-inf, 0.88) | [0.88, 0.97) | [0.97, 0.99) | [0.99, 1.03) | [1.03, 1.05) | [1.05, 1.07) | [1.07, 1.09) | [1.09, 1.12) | [1.12, 1.16) | [1.16, inf) | Special | Missing"
AMT_CREDIT,0.13139126756557196,0.05936769323366025,"(-inf, 158105.25) | [158105.25, 281884.50) | [281884.50, 338715.00) | [338715.00, 544770.00) | [544770.00, 640581.75) | [640581.75, 835555.50) | [835555.50, 1123562.25) | [1123562.25, 1345173.75) | [1345173.75, inf) | Special | Missing"
ORGANIZATION_TYPE_GROUPED,0.12962201318400113,0.058195609634679166,"['Finance' 'Unknown'] | ['Education'] | ['Healthcare' 'Government & Security'] | ['Other'] | ['Professional Services' 'Telecom & Media' 'Industry'] | ['Trade' 'Business'] | ['Transport' 'Hospitality & Services' 'Self-employed' 'Agriculture'
 'Real Estate & Construction'] | Special | Missing"
INST_PCT_LATE,0.1274562920185609,0.06362736099401496,"(-inf, 2.16) | [2.16, 3.84) | [3.84, 7.34) | [7.34, 14.15) | [14.15, 22.96) | [22.96, 31.92) | [31.92, inf) | Special | Missing"
NAME_INCOME_TYPE,0.12212846298298352,0.05786932470655602,['Businessman' 'Student' 'Pensioner'] | ['State servant'] | ['Commercial associate'] | ['Working' 'Unemployed' 'Maternity leave'] | Special | Missing
INST_DPD_MEAN,0.11798776203807915,0.05168445820065256,"(-inf, 0.02) | [0.02, 0.07) | [0.07, 0.16) | [0.16, 0.27) | [0.27, 0.60) | [0.60, 0.97) | [0.97, 2.15) | [2.15, inf) | Special | Missing"
PREV_APPROVAL_RATE,0.11783109330883645,0.06440695360330431,"(-inf, 0.30) | [0.30, 0.43) | [0.43, 0.54) | [0.54, 0.61) | [0.61, 0.68) | [0.68, inf) | Special | Missing"
DAYS_LAST_PHONE_CHANGE,0.11612575050533636,0.047854682813308166,"(-inf, -2467.50) | [-2467.50, -2040.50) | [-2040.50, -1722.50) | [-1722.50, -1359.50) | [-1359.50, -1122.50) | [-1122.50, -956.50) | [-956.50, -746.50) | [-746.50, -592.50) | [-592.50, -347.50) | [-347.50, inf) | Special | Missing"
LAST_PHONE_CHANGE_YEARS,0.11612575050533636,0.047854682813308166,"(-inf, 0.95) | [0.95, 1.62) | [1.62, 2.05) | [2.05, 2.62) | [2.62, 3.08) | [3.08, 3.72) | [3.72, 4.72) | [4.72, 5.59) | [5.59, 6.76) | [6.76, inf) | Special | Missing"
ID_PUBLISH_YEARS,0.11291918591984218,0.040253198536122074,"(-inf, 1.05) | [1.05, 2.47) | [2.47, 5.17) | [5.17, 7.55) | [7.55, 8.54) | [8.54, 11.12) | [11.12, 11.56) | [11.56, 12.20) | [12.20, 12.94) | [12.94, inf) | Special | Missing"
DAYS_ID_PUBLISH,0.11291918591984218,0.04025319853612208,"(-inf, -4721.50) | [-4721.50, -4452.50) | [-4452.50, -4218.50) | [-4218.50, -4060.50) | [-4060.50, -3117.50) | [-3117.50, -2756.50) | [-2756.50, -1886.50) | [-1886.50, -902.50) | [-902.50, -381.50) | [-381.50, inf) | Special | Missing"
PREV_REFUSAL_RATE,0.11278532814822939,0.06986859779042852,"(-inf, 0.08) | [0.08, 0.16) | [0.16, 0.21) | [0.21, 0.28) | [0.28, 0.44) | [0.44, inf) | Special | Missing"
PREV_DAYS_DECISION_MIN,0.11137819672155325,0.04453881353158491,"(-inf, -2763.50) | [-2763.50, -2578.50) | [-2578.50, -2427.50) | [-2427.50, -2041.50) | [-2041.50, -1822.50) | [-1822.50, -1274.50) | [-1274.50, -1087.50) | [-1087.50, -752.50) | [-752.50, -314.50) | [-314.50, inf) | Special | Missing"
PREV_REFUSED_COUNT,0.11126767529488135,0.053780735576114444,"(-inf, 0.50) | [0.50, 1.50) | [1.50, 3.50) | [3.50, inf) | Special | Missing"
BUREAU_N_CLOSED,0.10928396969713616,0.04098255467852799,"(-inf, 0.50) | [0.50, 1.50) | [1.50, 2.50) | [2.50, 3.50) | [3.50, 7.50) | [7.50, inf) | Special | Missing"
INST_PAYMENT_RATIO_MEAN,0.10920231977806272,0.05419532916953983,"(-inf, 0.80) | [0.80, 0.90) | [0.90, 0.94) | [0.94, 0.96) | [0.96, 0.98) | [0.98, 1.06) | [1.06, inf) | Special | Missing"
BUREAU_DAYS_CREDIT_UPDATE_MAX,0.10209694872163566,0.04780777990904064,"(-inf, -258.50) | [-258.50, -48.50) | [-48.50, -28.50) | [-28.50, -16.50) | [-16.50, -13.50) | [-13.50, -10.50) | [-10.50, -4.50) | [-4.50, inf) | Special | Missing"
INST_DPD_MAX,0.10184981205932608,0.038169500825389266,"(-inf, 0.50) | [0.50, 1.50) | [1.50, 4.50) | [4.50, 7.50) | [7.50, 32.50) | [32.50, inf) | Special | Missing"
EXT_SOURCE_STD,0.10117712948707513,0.0373415831426813,"(-inf, 0.12) | [0.12, 0.14) | [0.14, 0.19) | [0.19, 0.23) | [0.23, 0.32) | [0.32, inf) | Special | Missing"
INST_DPD_SUM,0.09946470428592291,0.03522294511014147,"(-inf, 1.50) | [1.50, 6.50) | [6.50, 10.50) | [10.50, 27.50) | [27.50, 126.50) | [126.50, inf) | Special | Missing"
REGION_RATING_CLIENT_W_CITY,0.09836382820507517,0.05120149755009072,"(-inf, 1.50) | [1.50, 2.50) | [2.50, inf) | Special | Missing"
POS_PAID_LAST_3M_SUM,0.09701430798365207,0.03234482277847197,"(-inf, 3.50) | [3.50, 5.50) | [5.50, 6.50) | [6.50, 8.50) | [8.50, 11.50) | [11.50, 15.50) | [15.50, 20.50) | [20.50, 29.50) | [29.50, 46.50) | [46.50, inf) | Special | Missing"
POS_PAID_LAST_2M_SUM,0.09689936458273496,0.032367092469191415,"(-inf, 2.50) | [2.50, 3.50) | [3.50, 4.50) | [4.50, 6.50) | [6.50, 8.50) | [8.50, 11.50) | [11.50, 15.50) | [15.50, 26.50) | [26.50, 42.50) | [42.50, inf) | Special | Missing"
REGION_RATING_CLIENT,0.09612639673030388,0.04831690185425046,"(-inf, 1.50) | [1.50, 2.50) | [2.50, inf) | Special | Missing"
AMT_ANNUITY,0.09478710410553837,0.031179322585245146,"(-inf, 13551.75) | [13551.75, 16485.75) | [16485.75, 26507.25) | [26507.25, 29837.25) | [29837.25, 31637.25) | [31637.25, 36803.25) | [36803.25, 42567.75) | [42567.75, 52481.25) | [52481.25, inf) | Special | Missing"
POS_PAID_LAST_1M_SUM,0.09406444960488702,0.030094483978131727,"(-inf, 0.50) | [0.50, 1.50) | [1.50, 2.50) | [2.50, 3.50) | [3.50, 5.50) | [5.50, 7.50) | [7.50, 10.50) | [10.50, 16.50) | [16.50, 36.50) | [36.50, inf) | Special | Missing"
INST_PAYMENT_RATIO_STD,0.09235342401159219,0.03838203258684327,"(-inf, 0.14) | [0.14, 0.19) | [0.19, 0.24) | [0.24, 0.36) | [0.36, 0.53) | [0.53, inf) | Special | Missing"
INST_PCT_LATE_EARLY,0.09034038322024074,0.03250053611587776,"(-inf, 4.07) | [4.07, 6.60) | [6.60, 12.40) | [12.40, 24.76) | [24.76, inf) | Special | Missing"
NAME_EDUCATION_TYPE,0.08960385020123351,0.04965360274139637,['Academic degree' 'Higher education'] | ['Incomplete higher' 'Secondary / secondary special' 'Lower secondary'] | Special | Missing
HOUSING_TOTALAREA,0.08876397661879687,0.030950330732176734,"(-inf, 0.06) | [0.06, 0.07) | [0.07, 0.07) | [0.07, 0.09) | [0.09, 0.14) | [0.14, 0.22) | [0.22, inf) | Special | Missing"
REGION_POPULATION_RELATIVE,0.08847058364353022,0.03564908843629902,"(-inf, 0.01) | [0.01, 0.02) | [0.02, 0.02) | [0.02, 0.02) | [0.02, 0.03) | [0.03, 0.04) | [0.04, inf) | Special | Missing"
HOUSING_QUALITY_SCORE,0.08816154703663859,0.029775538040655438,"(-inf, 0.19) | [0.19, 0.20) | [0.20, 0.20) | [0.20, 0.25) | [0.25, 0.29) | [0.29, inf) | Special | Missing"
INST_N_PAYMENTS_90D,0.08658900424776417,0.02808200763116429,"(-inf, 0.50) | [0.50, 2.50) | [2.50, 3.50) | [3.50, 5.50) | [5.50, 6.50) | [6.50, inf) | Special | Missing"
DAYS_REGISTRATION,0.08640209204752924,0.028486966521123765,"(-inf, -10809.50) | [-10809.50, -9173.50) | [-9173.50, -6941.50) | [-6941.50, -5709.50) | [-5709.50, -5012.50) | [-5012.50, -4000.50) | [-4000.50, -1022.50) | [-1022.50, -535.50) | [-535.50, inf) | Special | Missing"
REGISTRATION_YEARS,0.08640209204752924,0.028486966521123765,"(-inf, 1.47) | [1.47, 2.80) | [2.80, 10.96) | [10.96, 13.73) | [13.73, 15.64) | [15.64, 19.02) | [19.02, 25.13) | [25.13, 29.62) | [29.62, inf) | Special | Missing"
POS_N_LOANS,0.08410631222930043,0.023262464437646024,"(-inf, 1.50) | [1.50, 2.50) | [2.50, 3.50) | [3.50, 4.50) | [4.50, 5.50) | [5.50, inf) | Special | Missing"
HOUSING_YEARS_BEGINEXPLUATATION,0.08378998589127717,0.026032167132765238,"(-inf, 0.98) | [0.98, 0.98) | [0.98, 0.98) | [0.98, 0.98) | [0.98, 0.98) | [0.98, 0.99) | [0.99, inf) | Special | Missing"
INST_N_PAYMENTS_180D,0.08249193310675285,0.026105231762012647,"(-inf, 0.50) | [0.50, 2.50) | [2.50, 4.50) | [4.50, 5.50) | [5.50, 6.50) | [6.50, 9.50) | [9.50, 12.50) | [12.50, inf) | Special | Missing"
HOUSING_APARTMENTS,0.08185336337545568,0.02580976872458844,"(-inf, 0.08) | [0.08, 0.09) | [0.09, 0.09) | [0.09, 0.17) | [0.17, inf) | Special | Missing"
ORGANIZATION_TYPE_FREQ,0.08118535058014453,0.0349296046440403,"(-inf, 0.03) | [0.03, 0.15) | [0.15, 0.20) | [0.20, inf) | Special | Missing"
HOUSING_INFO_COMPLETENESS,0.07884657977313436,0.023569658964856466,"(-inf, 0.50) | [0.50, 7.50) | [7.50, 11.50) | [11.50, inf) | Special | Missing"
REG_CITY_NOT_WORK_CITY,0.07883081715631657,0.03220724394929676,"(-inf, 0.50) | [0.50, inf) | Special | Missing"
POS_PAID_LAST_2M_MEAN,0.07770131024570315,0.029853294493340825,"(-inf, 1.06) | [1.06, 2.11) | [2.11, 2.87) | [2.87, 3.91) | [3.91, 5.90) | [5.90, 7.74) | [7.74, 10.32) | [10.32, inf) | Special | Missing"
POS_PAID_LAST_6M_SUM,0.07727363072463866,0.022315551705527997,"(-inf, 6.50) | [6.50, 10.50) | [10.50, 17.50) | [17.50, 22.50) | [22.50, 31.50) | [31.50, 43.50) | [43.50, inf) | Special | Missing"
HOUSING_LANDAREA,0.07590721517586463,0.022576284179587444,"(-inf, 0.00) | [0.00, 0.03) | [0.03, 0.04) | [0.04, 0.05) | [0.05, 0.05) | [0.05, 0.08) | [0.08, 0.12) | [0.12, inf) | Special | Missing"
INST_N_PAYMENTS_60D,0.07563968046163172,0.023993387475291575,"(-inf, 0.50) | [0.50, 1.50) | [1.50, 2.50) | [2.50, 4.50) | [4.50, inf) | Special | Missing"
HOUSING_TOTALAREA_WAS_MISSING,0.07551586774771613,0.02287310676444821,"(-inf, 0.50) | [0.50, inf) | Special | Missing"
BUREAU_CREDIT_SUM_MEAN,0.07540506845143335,0.02569839111859311,"(-inf, 47592.16) | [47592.16, 67562.98) | [67562.98, 447200.06) | [447200.06, 620036.69) | [620036.69, 923999.16) | [923999.16, inf) | Special | Missing"
HOUSING_QUALITY_SCORE_WAS_MISSING,0.0753613544316738,0.02277704602329449,"(-inf, 0.50) | [0.50, inf) | Special | Missing"
PREV_CNT_PAYMENT_MEAN,0.07532473420934505,0.025618164255841205,"(-inf, 5.61) | [5.61, 6.04) | [6.04, 8.19) | [8.19, 9.94) | [9.94, 11.79) | [11.79, 17.80) | [17.80, 19.55) | [19.55, 24.05) | [24.05, inf) | Special | Missing"
HOUSING_ENTRANCES_WAS_MISSING,0.07501535047918506,0.022663292678270025,"(-inf, 0.50) | [0.50, inf) | Special | Missing"
HOUSING_FLOORSMAX_WAS_MISSING,0.0749696776924118,0.022601038039857323,"(-inf, 0.50) | [0.50, inf) | Special | Missing"
HOUSING_YEARS_BEGINEXPLUATATION_WAS_MISSING,0.0744103630716304,0.022221035446116533,"(-inf, 0.50) | [0.50, inf) | Special | Missing"
HOUSING_APARTMENTS_WAS_MISSING,0.07389626111404524,0.022014105125683456,"(-inf, 0.50) | [0.50, inf) | Special | Missing"
HOUSING_ELEVATORS_WAS_MISSING,0.07380394855425121,0.022193668480760265,"(-inf, 0.50) | [0.50, inf) | Special | Missing"
POS_PAID_LAST_3M_MEAN,0.07377309348511973,0.027382522508463257,"(-inf, 2.15) | [2.15, 3.10) | [3.10, 3.87) | [3.87, 4.97) | [4.97, 6.88) | [6.88, 8.88) | [8.88, 12.24) | [12.24, inf) | Special | Missing"
HOUSING_NONLIVINGAREA,0.07351173773605901,0.02130244867665908,"(-inf, 0.00) | [0.00, 0.00) | [0.00, 0.03) | [0.03, 0.07) | [0.07, inf) | Special | Missing"
HOUSING_BASEMENTAREA,0.07243731640967743,0.021413704436934456,"(-inf, 0.07) | [0.07, 0.07) | [0.07, 0.08) | [0.08, 0.14) | [0.14, inf) | Special | Missing"
HOUSING_LIVINGAREA_WAS_MISSING,0.07232432579089032,0.021048203429536668,"(-inf, 0.50) | [0.50, inf) | Special | Missing"
NAME_FAMILY_STATUS,0.07163532700005781,0.021702402976662368,['Other' 'Widow'] | ['Married'] | ['Separated'] | ['Single / not married'] | ['Civil marriage'] | Special | Missing
HOUSING_NONLIVINGAREA_WAS_MISSING,0.07150340049349202,0.021053953227790887,"(-inf, 0.50) | [0.50, inf) | Special | Missing"
BUREAU_CREDIT_SUM_SUM,0.07020835269069226,0.02052760691510392,"(-inf, 32307.75) | [32307.75, 105038.57) | [105038.57, 224948.25) | [224948.25, 400703.83) | [400703.83, 2705794.75) | [2705794.75, 5984393.50) | [5984393.50, inf) | Special | Missing"
POS_PAID_LAST_1M_MEAN,0.06906920541453321,0.027210678092136356,"(-inf, 0.07) | [0.07, 0.52) | [0.52, 0.97) | [0.97, 4.76) | [4.76, 9.28) | [9.28, inf) | Special | Missing"
HOUSING_LIVINGAREA,0.06851334549675503,0.02585335596923658,"(-inf, 0.03) | [0.03, 0.08) | [0.08, 0.13) | [0.13, 0.18) | [0.18, inf) | Special | Missing"
HOUSING_YEARS_BUILD,0.06761188047625355,0.02177367196508046,"(-inf, 0.74) | [0.74, 0.77) | [0.77, 0.77) | [0.77, 0.84) | [0.84, inf) | Special | Missing"
POS_N_COMPLETED,0.0671144159260213,0.01626635916094663,"(-inf, 1.50) | [1.50, 2.50) | [2.50, 3.50) | [3.50, 4.50) | [4.50, inf) | Special | Missing"
INST_DAYS_ENTRY_PAYMENT_MAX,0.06660719216754796,0.018662969372311426,"(-inf, -1459.50) | [-1459.50, -161.50) | [-161.50, -99.50) | [-99.50, -45.50) | [-45.50, -35.50) | [-35.50, -27.50) | [-27.50, -19.50) | [-19.50, -11.50) | [-11.50, inf) | Special | Missing"
HOUSING_BASEMENTAREA_WAS_MISSING,0.06622935874982439,0.018523160815827163,"(-inf, 0.50) | [0.50, inf) | Special | Missing"
BUREAU_N_ACTIVE,0.06562767628067734,0.025489579134523616,"(-inf, 2.50) | [2.50, 3.50) | [3.50, 4.50) | [4.50, inf) | Special | Missing"
BUREAU_N_LOANS,0.06552462612661625,0.015569051217567532,"(-inf, 0.50) | [0.50, 1.50) | [1.50, 2.50) | [2.50, 3.50) | [3.50, 4.50) | [4.50, 8.50) | [8.50, 12.50) | [12.50, inf) | Special | Missing"
HOUSING_FLOORSMAX,0.06542048843364534,0.02837284753256877,"(-inf, 0.04) | [0.04, 0.18) | [0.18, 0.34) | [0.34, inf) | Special | Missing"
FLAG_EMPLOY_ANOMALY,0.06486497863157759,0.03291576646243117,"(-inf, 0.50) | [0.50, inf) | Special | Missing"
FLAG_EMP_PHONE,0.06486360909063693,0.032907128220936985,"(-inf, 0.50) | [0.50, inf) | Special | Missing"
INST_N_PAYMENTS,0.06456210916258742,0.014437055222174021,"(-inf, 0.50) | [0.50, 6.50) | [6.50, 12.50) | [12.50, 15.50) | [15.50, 27.50) | [27.50, 60.50) | [60.50, 118.50) | [118.50, inf) | Special | Missing"
CREDIT_INCOME_RATIO,0.06297951632861243,0.01265728706067792,"(-inf, 1.01) | [1.01, 1.53) | [1.53, 2.00) | [2.00, 3.03) | [3.03, 3.34) | [3.34, 4.04) | [4.04, 4.85) | [4.85, 7.13) | [7.13, 8.99) | [8.99, inf) | Special | Missing"
HOUSING_ENTRANCES,0.0627755912408059,0.01739862564420616,"(-inf, 0.13) | [0.13, 0.14) | [0.14, inf) | Special | Missing"
POS_INSTALMENT_FUTURE_TREND_MEAN,0.06227497265673976,0.015961722482712302,"(-inf, -2.70) | [-2.70, -1.70) | [-1.70, -1.35) | [-1.35, -1.11) | [-1.11, -1.03) | [-1.03, -1.00) | [-1.00, inf) | Special | Missing"
AMT_REQ_CREDIT_BUREAU_YEAR,0.060975464975429716,0.01809285362060217,"(-inf, 0.50) | [0.50, 1.50) | [1.50, 3.50) | [3.50, 4.50) | [4.50, inf) | Special | Missing"
HOUSING_ELEVATORS,0.06013187862749425,0.02685813855708551,"(-inf, 0.00) | [0.00, 0.08) | [0.08, 0.24) | [0.24, inf) | Special | Missing"
HOUSING_LANDAREA_WAS_MISSING,0.05975769727144642,0.015162643262635703,"(-inf, 0.50) | [0.50, inf) | Special | Missing"
INST_N_PAYMENTS_30D,0.05967033934056798,0.01682854471042272,"(-inf, 0.50) | [0.50, 1.50) | [1.50, inf) | Special | Missing"
PREV_AMT_APPLICATION_MEAN,0.05863917376283312,0.01874297581671182,"(-inf, 30555.75) | [30555.75, 45187.40) | [45187.40, 59223.00) | [59223.00, 112725.23) | [112725.23, 211517.09) | [211517.09, 350998.12) | [350998.12, inf) | Special | Missing"
INST_N_PAYMENTS_365D,0.05856397540614533,0.014976187836923395,"(-inf, 4.50) | [4.50, 10.50) | [10.50, 12.50) | [12.50, 14.50) | [14.50, 22.50) | [22.50, 28.50) | [28.50, inf) | Special | Missing"
BUREAU_DEBT_SUM,0.05720010970292244,0.01082431053592087,"(-inf, 7193.75) | [7193.75, 171639.00) | [171639.00, 333002.25) | [333002.25, 563199.75) | [563199.75, inf) | Special | Missing"
CC_DRAWINGS_ATM_SUM,0.05563600830784532,0.020165082310876103,"(-inf, 3825.00) | [3825.00, 247162.50) | [247162.50, inf) | Special | Missing"
POS_PAID_LAST_6M_MEAN,0.05489476190774423,0.01747513699938321,"(-inf, 5.15) | [5.15, 6.12) | [6.12, 6.97) | [6.97, 9.87) | [9.87, 13.37) | [13.37, inf) | Special | Missing"
AMT_REQ_CREDIT_BUREAU_QRT,0.05474602713963894,0.016871074865689173,"(-inf, 0.50) | [0.50, 1.50) | [1.50, inf) | Special | Missing"
HOUSING_YEARS_BUILD_WAS_MISSING,0.05446431922276518,0.013841091083897226,"(-inf, 0.50) | [0.50, inf) | Special | Missing"
PREV_DAYS_DECISION_MAX,0.05231611823505844,0.013892866912069618,"(-inf, -811.50) | [-811.50, -592.50) | [-592.50, -363.50) | [-363.50, -315.50) | [-315.50, -258.50) | [-258.50, -28.50) | [-28.50, inf) | Special | Missing"
HOUSING_LIVINGAPARTMENTS,0.05221926428833523,0.014119533437916967,"(-inf, 0.07) | [0.07, 0.07) | [0.07, 0.08) | [0.08, 0.17) | [0.17, inf) | Special | Missing"
AMT_INCOME_TOTAL,0.05211771477267213,0.011868191071630174,"(-inf, 76477.50) | [76477.50, 97854.75) | [97854.75, 127530.00) | [127530.00, 157992.75) | [157992.75, 184511.25) | [184511.25, 216011.25) | [216011.25, 232717.50) | [232717.50, 310950.00) | [310950.00, inf) | Special | Missing"
INST_AMT_PAYMENT_SUM_60D,0.05210827661070527,0.012466914656288693,"(-inf, 1894.05) | [1894.05, 9956.43) | [9956.43, 15421.75) | [15421.75, 29476.19) | [29476.19, 46382.35) | [46382.35, 83789.64) | [83789.64, inf) | Special | Missing"
EXT_SOURCE_NAN_COUNT,0.051897892835651493,0.010887008337496985,"(-inf, 0.50) | [0.50, 1.50) | [1.50, inf) | Special | Missing"
HOUSING_FLOORSMIN_WAS_MISSING,0.05103117277384528,0.012420726511733772,"(-inf, 0.50) | [0.50, inf) | Special | Missing"
BUREAU_N_CREDIT_TYPES,0.05092072672821146,0.012674434247681375,"(-inf, 0.50) | [0.50, 1.50) | [1.50, inf) | Special | Missing"
HOUSING_LIVINGAPARTMENTS_WAS_MISSING,0.05051871409439235,0.012287600901697733,"(-inf, 0.50) | [0.50, inf) | Special | Missing"
HOUSING_COMMONAREA,0.050312456896812296,0.012341224426842866,"(-inf, 0.02) | [0.02, 0.02) | [0.02, 0.02) | [0.02, 0.07) | [0.07, inf) | Special | Missing"
INST_AMT_PAYMENT_SUM_30D,0.049483247522566165,0.012446837668892187,"(-inf, 492.77) | [492.77, 5717.50) | [5717.50, 9469.94) | [9469.94, 14272.15) | [14272.15, 23460.59) | [23460.59, 43827.59) | [43827.59, inf) | Special | Missing"
HOUSING_NONLIVINGAPARTMENTS_WAS_MISSING,0.04777491270458967,0.011205617069572179,"(-inf, 0.50) | [0.50, inf) | Special | Missing"
CREDIT_TERM,0.04737457441330006,0.028996458367239325,"(-inf, 10.78) | [10.78, inf) | Special | Missing"
AMT_REQ_CREDIT_BUREAU_MON,0.047261962694665094,0.01366496842100254,"(-inf, 0.50) | [0.50, inf) | Special | Missing"
HOUSING_COMMONAREA_WAS_MISSING,0.04720242734922686,0.011036055357160474,"(-inf, 0.50) | [0.50, inf) | Special | Missing"
LIVE_CITY_NOT_WORK_CITY,0.04581580526481566,0.013228377372496514,"(-inf, 0.50) | [0.50, inf) | Special | Missing"
REG_CITY_NOT_LIVE_CITY,0.04374759980326548,0.022298689071670597,"(-inf, 0.50) | [0.50, inf) | Special | Missing"
POS_DPD_MEAN,0.042961129482686156,0.019478261627375787,"(-inf, 0.08) | [0.08, 0.50) | [0.50, inf) | Special | Missing"
FLAG_WORK_PHONE,0.04183346149891021,0.010328573498781508,"(-inf, 0.50) | [0.50, inf) | Special | Missing"
AMT_REQ_CREDIT_BUREAU_WEEK,0.04119994628709156,0.01321756486798321,"(-inf, inf) | Special | Missing"
AMT_REQ_CREDIT_BUREAU_HOUR,0.04119994628709156,0.01321756486798321,"(-inf, inf) | Special | Missing"
AMT_REQ_CREDIT_BUREAU_DAY,0.04119994628709156,0.01321756486798321,"(-inf, inf) | Special | Missing"
PREV_APP_COUNT,0.04116087240484645,0.010450304145859506,"(-inf, 0.50) | [0.50, 5.50) | [5.50, 6.50) | [6.50, 7.50) | [7.50, 9.50) | [9.50, 12.50) | [12.50, inf) | Special | Missing"
HAS_BUREAU_HISTORY,0.039582886221535274,0.011723817660195883,"(-inf, 0.50) | [0.50, inf) | Special | Missing"
BUREAU_HAS_BAD_DEBT,0.039582886221535274,0.011723817660195883,"(-inf, inf) | Special | Missing"
POS_DPD_MAX,0.03943200758250587,0.015633427684262544,"(-inf, 1.50) | [1.50, 6.50) | [6.50, inf) | Special | Missing"
PREV_AMT_CREDIT_MEAN,0.036439176882097524,0.01513786903322158,"(-inf, 32389.50) | [32389.50, 47479.88) | [47479.88, 63365.91) | [63365.91, 90018.00) | [90018.00, 126698.25) | [126698.25, 230019.45) | [230019.45, 399785.56) | [399785.56, inf) | Special | Missing"
DEF_30_CNT_SOCIAL_CIRCLE,0.035660468813485835,0.014018013672645864,"(-inf, 0.50) | [0.50, inf) | Special | Missing"
HOUSING_FLOORSMIN,0.03438078577521897,0.014437973971148377,"(-inf, 0.22) | [0.22, inf) | Special | Missing"
NAME_CONTRACT_TYPE,0.033287857620238226,0.015038765990569906,['Revolving loans'] | ['Cash loans'] | Special | Missing
TOTAL_DOCUMENTS_SUBMITTED,0.03301603587664337,0.014623555797673538,"(-inf, 0.50) | [0.50, inf) | Special | Missing"
NAME_HOUSING_TYPE,0.032643178889912194,0.01505519009759078,['Other' 'House / apartment' 'Municipal apartment'] | ['With parents' 'Rented apartment'] | Special | Missing
POS_DPD_TREND_MAX,0.03129403129876285,0.013850106353524084,"(-inf, 0.01) | [0.01, 0.21) | [0.21, inf) | Special | Missing"
POS_DPD_TREND_MEAN,0.0298545602667446,0.014073966124561728,"(-inf, 0.01) | [0.01, 0.14) | [0.14, inf) | Special | Missing"
DEF_60_CNT_SOCIAL_CIRCLE,0.02955790282228521,0.012943727461396453,"(-inf, 0.50) | [0.50, inf) | Special | Missing"
