,feature,iv,group
0,EXT_SOURCE_MEAN,0.6234096842332096,>0.50
1,EXT_SOURCE_MIN,0.4743339869904134,0.30-0.50
2,EXT_SOURCE_MAX,0.4518130430357021,0.30-0.50
3,EXT_SOURCE_3,0.3352282066873093,0.30-0.50
4,EXT_SOURCE_2,0.32069937732500237,0.30-0.50
5,EMPLOY_YEARS,0.11405379021938744,0.10-0.30
6,DAYS_EMPLOYED,0.11405379021938744,0.10-0.30
7,BUREAU_DEBT_CREDIT_RATIO,0.10393670422353175,0.10-0.30
8,EMPLOY_TO_AGE_RATIO,0.0927412299366148,0.02-0.10
9,AMT_GOODS_PRICE,0.09203682939340666,0.02-0.10
10,BUREAU_ACTIVE_RATIO,0.0908895015016034,0.02-0.10
11,AGE,0.08692848339829959,0.02-0.10
12,DAYS_BIRTH,0.08692848339829959,0.02-0.10
13,BUREAU_DAYS_CREDIT_MAX,0.08298289759476091,0.02-0.10
14,BUREAU_DAYS_CREDIT_MIN,0.07967791766054252,0.02-0.10
15,GOODS_CREDIT_RATIO,0.07606256054528113,0.02-0.10
16,PREV_CREDIT_APPLICATION_RATIO_MEAN,0.07243667209702233,0.02-0.10
17,PREV_REFUSAL_RATE,0.06986859779042852,0.02-0.10
18,PREV_APPROVAL_RATE,0.06440695360330431,0.02-0.10
19,INST_PCT_LATE,0.06362736099401496,0.02-0.10
20,AMT_CREDIT,0.05936769323366025,0.02-0.10
21,ORGANIZATION_TYPE_GROUPED,0.058195609634679166,0.02-0.10
22,NAME_INCOME_TYPE,0.05786932470655602,0.02-0.10
23,INST_PAYMENT_RATIO_MEAN,0.05419532916953983,0.02-0.10
24,PREV_REFUSED_COUNT,0.053780735576114444,0.02-0.10
25,INST_DPD_MEAN,0.05168445820065256,0.02-0.10
26,REGION_RATING_CLIENT_W_CITY,0.05120149755009072,0.02-0.10
27,NAME_EDUCATION_TYPE,0.04965360274139637,0.02-0.10
28,REGION_RATING_CLIENT,0.04831690185425046,0.02-0.10
29,LAST_PHONE_CHANGE_YEARS,0.047854682813308166,0.02-0.10
30,DAYS_LAST_PHONE_CHANGE,0.047854682813308166,0.02-0.10
31,BUREAU_DAYS_CREDIT_UPDATE_MAX,0.04780777990904064,0.02-0.10
32,PREV_DAYS_DECISION_MIN,0.04453881353158491,0.02-0.10
33,BUREAU_N_CLOSED,0.04098255467852799,0.02-0.10
34,DAYS_ID_PUBLISH,0.04025319853612208,0.02-0.10
35,ID_PUBLISH_YEARS,0.040253198536122074,0.02-0.10
36,INST_PAYMENT_RATIO_STD,0.03838203258684327,0.02-0.10
37,INST_DPD_MAX,0.038169500825389266,0.02-0.10
38,EXT_SOURCE_STD,0.0373415831426813,0.02-0.10
39,REGION_POPULATION_RELATIVE,0.03564908843629902,0.02-0.10
40,INST_DPD_SUM,0.03522294511014147,0.02-0.10
41,ORGANIZATION_TYPE_FREQ,0.0349296046440403,0.02-0.10
42,FLAG_EMPLOY_ANOMALY,0.03291576646243117,0.02-0.10
43,FLAG_EMP_PHONE,0.032907128220936985,0.02-0.10
44,INST_PCT_LATE_EARLY,0.03250053611587776,0.02-0.10
45,POS_PAID_LAST_2M_SUM,0.032367092469191415,0.02-0.10
46,POS_PAID_LAST_3M_SUM,0.03234482277847197,0.02-0.10
47,REG_CITY_NOT_WORK_CITY,0.03220724394929676,0.02-0.10
48,HOUSING_TOTALAREA,0.031676005913424454,0.02-0.10
49,HOUSING_QUALITY_SCORE,0.03137686486690726,0.02-0.10
50,AMT_ANNUITY,0.031179322585245146,0.02-0.10
51,POS_PAID_LAST_1M_SUM,0.030094483978131727,0.02-0.10
52,POS_PAID_LAST_2M_MEAN,0.029853294493340825,0.02-0.10
53,HOUSING_YEARS_BEGINEXPLUATATION,0.02921610593565859,0.02-0.10
54,CREDIT_TERM,0.028996458367239325,0.02-0.10
55,REGISTRATION_YEARS,0.028486966521123765,0.02-0.10
56,DAYS_REGISTRATION,0.028486966521123765,0.02-0.10
57,HOUSING_FLOORSMAX,0.02837284753256877,0.02-0.10
58,INST_N_PAYMENTS_90D,0.02808200763116429,0.02-0.10
59,POS_PAID_LAST_3M_MEAN,0.027382522508463257,0.02-0.10
60,POS_PAID_LAST_1M_MEAN,0.027210678092136356,0.02-0.10
61,HOUSING_APARTMENTS,0.02691746466470507,0.02-0.10
62,HOUSING_ELEVATORS,0.02685813855708551,0.02-0.10
63,INST_N_PAYMENTS_180D,0.026105231762012647,0.02-0.10
64,HOUSING_LIVINGAREA,0.02585335596923658,0.02-0.10
65,BUREAU_CREDIT_SUM_MEAN,0.02569839111859311,0.02-0.10
66,PREV_CNT_PAYMENT_MEAN,0.025618164255841205,0.02-0.10
67,BUREAU_N_ACTIVE,0.025489579134523616,0.02-0.10
68,INST_N_PAYMENTS_60D,0.023993387475291575,0.02-0.10
69,HOUSING_INFO_COMPLETENESS,0.023569658964856466,0.02-0.10
70,POS_N_LOANS,0.023262464437646024,0.02-0.10
71,HOUSING_TOTALAREA_WAS_MISSING,0.02287310676444821,0.02-0.10
72,HOUSING_QUALITY_SCORE_WAS_MISSING,0.02277704602329449,0.02-0.10
73,HOUSING_ENTRANCES_WAS_MISSING,0.022663292678270025,0.02-0.10
74,HOUSING_FLOORSMAX_WAS_MISSING,0.022601038039857323,0.02-0.10
75,POS_PAID_LAST_6M_SUM,0.022315551705527997,0.02-0.10
76,REG_CITY_NOT_LIVE_CITY,0.022298689071670597,0.02-0.10
77,HOUSING_LANDAREA,0.022276316469794794,0.02-0.10
78,HOUSING_YEARS_BEGINEXPLUATATION_WAS_MISSING,0.022221035446116533,0.02-0.10
79,HOUSING_ELEVATORS_WAS_MISSING,0.022193668480760265,0.02-0.10
80,HOUSING_APARTMENTS_WAS_MISSING,0.022014105125683456,0.02-0.10
81,HOUSING_YEARS_BUILD,0.02177367196508046,0.02-0.10
82,NAME_FAMILY_STATUS,0.021702402976662368,0.02-0.10
83,HOUSING_BASEMENTAREA,0.021413704436934456,0.02-0.10
84,HOUSING_NONLIVINGAREA,0.021255126448430067,0.02-0.10
85,HOUSING_NONLIVINGAREA_WAS_MISSING,0.021053953227790887,0.02-0.10
86,HOUSING_LIVINGAREA_WAS_MISSING,0.021048203429536668,0.02-0.10
87,BUREAU_CREDIT_SUM_SUM,0.02052760691510392,0.02-0.10
88,CC_DRAWINGS_ATM_SUM,0.020165082310876103,0.02-0.10
89,POS_DPD_MEAN,0.019478261627375787,0.01-0.02
90,PREV_AMT_APPLICATION_MEAN,0.01874297581671182,0.01-0.02
91,INST_DAYS_ENTRY_PAYMENT_MAX,0.018662969372311426,0.01-0.02
92,HOUSING_BASEMENTAREA_WAS_MISSING,0.018523160815827163,0.01-0.02
93,AMT_REQ_CREDIT_BUREAU_YEAR,0.01809285362060217,0.01-0.02
94,HOUSING_ENTRANCES,0.01750364092557253,0.01-0.02
95,POS_PAID_LAST_6M_MEAN,0.01747513699938321,0.01-0.02
96,AMT_REQ_CREDIT_BUREAU_QRT,0.016871074865689173,0.01-0.02
97,INST_N_PAYMENTS_30D,0.01682854471042272,0.01-0.02
98,POS_N_COMPLETED,0.01626635916094663,0.01-0.02
99,POS_INSTALMENT_FUTURE_TREND_MEAN,0.015961722482712302,0.01-0.02
100,POS_DPD_MAX,0.015633427684262544,0.01-0.02
101,BUREAU_N_LOANS,0.015569051217567532,0.01-0.02
102,HOUSING_LANDAREA_WAS_MISSING,0.015162643262635703,0.01-0.02
103,PREV_AMT_CREDIT_MEAN,0.01513786903322158,0.01-0.02
104,NAME_HOUSING_TYPE,0.01505519009759078,0.01-0.02
105,NAME_CONTRACT_TYPE,0.015038765990569906,0.01-0.02
106,INST_N_PAYMENTS_365D,0.014976187836923395,0.01-0.02
107,TOTAL_DOCUMENTS_SUBMITTED,0.014623555797673538,0.01-0.02
108,HOUSING_FLOORSMIN,0.014437973971148377,0.01-0.02
109,INST_N_PAYMENTS,0.014437055222174021,0.01-0.02
110,HOUSING_LIVINGAPARTMENTS,0.014119533437916967,0.01-0.02
111,POS_DPD_TREND_MEAN,0.014073966124561728,0.01-0.02
112,DEF_30_CNT_SOCIAL_CIRCLE,0.014018013672645864,0.01-0.02
113,PREV_DAYS_DECISION_MAX,0.013892866912069618,0.01-0.02
114,POS_DPD_TREND_MAX,0.013850106353524084,0.01-0.02
115,HOUSING_YEARS_BUILD_WAS_MISSING,0.013841091083897226,0.01-0.02
116,AMT_REQ_CREDIT_BUREAU_MON,0.01366496842100254,0.01-0.02
117,LIVE_CITY_NOT_WORK_CITY,0.013228377372496514,0.01-0.02
118,AMT_REQ_CREDIT_BUREAU_HOUR,0.01321756486798321,0.01-0.02
119,AMT_REQ_CREDIT_BUREAU_WEEK,0.01321756486798321,0.01-0.02
120,AMT_REQ_CREDIT_BUREAU_DAY,0.01321756486798321,0.01-0.02
121,DEF_60_CNT_SOCIAL_CIRCLE,0.012943727461396453,0.01-0.02
122,BUREAU_N_CREDIT_TYPES,0.012674434247681375,0.01-0.02
123,CREDIT_INCOME_RATIO,0.01265728706067792,0.01-0.02
124,HOUSING_COMMONAREA,0.012625607392781265,0.01-0.02
125,INST_AMT_PAYMENT_SUM_60D,0.012466914656288693,0.01-0.02
126,INST_AMT_PAYMENT_SUM_30D,0.012446837668892187,0.01-0.02
127,HOUSING_FLOORSMIN_WAS_MISSING,0.012420726511733772,0.01-0.02
128,HOUSING_LIVINGAPARTMENTS_WAS_MISSING,0.012287600901697733,0.01-0.02
129,AMT_INCOME_TOTAL,0.011868191071630174,0.01-0.02
130,HAS_BUREAU_HISTORY,0.011723817660195883,0.01-0.02
131,BUREAU_HAS_BAD_DEBT,0.011723817660195883,0.01-0.02
132,HOUSING_NONLIVINGAPARTMENTS_WAS_MISSING,0.011205617069572179,0.01-0.02
133,HOUSING_COMMONAREA_WAS_MISSING,0.011036055357160474,0.01-0.02
134,EXT_SOURCE_NAN_COUNT,0.010887008337496985,0.01-0.02
135,BUREAU_DEBT_SUM,0.01082431053592087,0.01-0.02
136,PREV_APP_COUNT,0.010450304145859506,0.01-0.02
137,FLAG_WORK_PHONE,0.010328573498781508,0.01-0.02
138,HOUR_APPR_PROCESS_START,0.009753946482770903,<0.01
139,INST_AMT_PAYMENT_SUM_90D,0.009751577409432072,<0.01
140,FLAG_PHONE,0.007941714785907127,<0.01
141,ANNUITY_INCOME_RATIO,0.0075240960478923325,<0.01
142,POS_N_ACTIVE,0.007191899082209336,<0.01
143,FLAG_OWN_CAR,0.0065965517935781814,<0.01
144,INST_AMT_PAYMENT_SUM_365D,0.0062123611732111264,<0.01
145,CHILDREN_RATIO,0.00564241946808784,<0.01
146,INST_AMT_PAYMENT_SUM_180D,0.005621636903141424,<0.01
147,CNT_CHILDREN,0.0053954415651883535,<0.01
148,HAS_PREV_APPLICATION,0.005233570515285708,<0.01
149,POS_DPD_DIFF2_MEAN,0.005221034310637783,<0.01
150,CNT_FAM_MEMBERS,0.004971995022145596,<0.01
151,HAS_INSTALLMENT_HISTORY,0.004913515435332382,<0.01
152,HOUSING_NONLIVINGAPARTMENTS,0.00488583299579403,<0.01
153,INCOME_PER_PERSON,0.004855940750030343,<0.01
154,PREV_APPROVED_COUNT,0.004733071956228947,<0.01
155,POS_DPD_DIFF1_MEAN,0.004719812232943873,<0.01
156,POS_DPD_DIFF3_MEAN,0.0038921466305134574,<0.01
157,OBS_30_CNT_SOCIAL_CIRCLE,0.003274164869648417,<0.01
158,OBS_60_CNT_SOCIAL_CIRCLE,0.003268262259913566,<0.01
159,CC_N_CARDS,0.0024949939881798453,<0.01
160,HAS_CREDIT_CARD,0.0024949939881798453,<0.01
161,HAS_POS_HISTORY,0.0024400885875669742,<0.01
162,CNT_ADULTS,0.001966008291911589,<0.01
163,NAME_TYPE_SUITE,0.0017436485448500286,<0.01
164,WEEKDAY_APPR_PROCESS_START,0.0006766888458535473,<0.01
165,REG_REGION_NOT_WORK_REGION,0.0006227683430817477,<0.01
166,FLAG_OWN_REALTY,0.0005054517867189213,<0.01
167,POS_DPD_DIFF6_MEAN,0.0004574268048574227,<0.01
168,FLAG_EMAIL,4.2102771129391554e-05,<0.01
169,FLAG_MOBIL,0.0,<0.01
170,REG_REGION_NOT_LIVE_REGION,0.0,<0.01
171,LIVE_REGION_NOT_WORK_REGION,0.0,<0.01
172,FLAG_CONT_MOBILE,0.0,<0.01
173,BUREAU_N_BAD_DEBT,0.0,<0.01
174,BUREAU_N_SOLD,0.0,<0.01
175,BUREAU_OVERDUE_SUM,0.0,<0.01
